Workbook

Sheet dane
A1: Data | B1: PKO BP | C1: Bank Pekao | D1: Santander BP | E1: mBank | F1: Alior Bank
A2: 45779 | B2: 69.9359 | C2: 171.142 | D2: 539.788 | E2: 829.8 | F2: 94.046
A3: 45782 | B3: 69.6748 | C3: 170.6 | D3: 503.912 | E3: 804 | F3: 92.7739
A4: 45783 | B4: 68.1642 | C4: 166.4 | D4: 490.916 | E4: 782 | F4: 90.6839
A5: 45784 | B5: 68.9662 | C5: 168.25 | D5: 496.041 | E5: 788.8 | F5: 92.5013
A6: 45785 | B6: 69.5256 | C6: 171 | D6: 493.478 | E6: 794.2 | F6: 93.6371
A7: 45786 | B7: 72.9945 | C7: 178.4 | D7: 500.8 | E7: 817.8 | F7: 97.5897
A8: 45789 | B8: 72.752 | C8: 178.75 | D8: 512.8 | E8: 828 | F8: 97.2717
A9: 45790 | B9: 72.9199 | C9: 181.8 | D9: 527.2 | E9: 820 | F9: 97.9532
A10: 45791 | B10: 73.6285 | C10: 182.5 | D10: 525.2 | E10: 821.4 | F10: 97.3626
A11: 45792 | B11: 72.379 | C11: 180.9 | D11: 525.2 | E11: 812.4 | F11: 96.9082
A12: 45793 | B12: 71.9501 | C12: 181.8 | D12: 534.2 | E12: 812.4 | F12: 97.4989
A13: 45796 | B13: 70.4954 | C13: 178.75 | D13: 512 | E13: 806.6 | F13: 95.8633
... A236: 46122 | B236: 99.25 | C236: 247.8 | D236: 658.6 | E236: 1280.5 | F236: 126

Sheet obliczenia
D2: Dzienne stopy zwrotu | K2: Portfele | P2: Dzienne stopy zwrotu dla obu portfeli
B5: DATA | C5: PKO BP | D5: Bank Pekao | E5: Santander BP | F5: mBank | G5: Alior Bank | K5: Portfel A (równe wagi) | P5: DATA | Q5: Portfel A | R5: Portfel B
B6: 45779 | I6: BANK | J6: PKO BP | K6: Bank Pekao | L6: Santander BP | M6: mBank | N6: Alior Bank | P6: =B6 -> 45779
B7: 45782 | C7: =LN(dane!B3/dane!B2) -> -0.0037404053 | D7: =LN(dane!C3/dane!C2) -> -0.0031719862 | E7: =LN(dane!D3/dane!D2) -> -0.06877482 | F7: =LN(dane!E3/dane!E2) -> -0.031585439 | G7: =LN(dane!F3/dane!F2) -> -0.013618674 | I7: WAGA | J7: 0.2 | K7: 0.2 | L7: 0.2 | M7: 0.2 | N7: 0.2 | P7: =B7 -> 45782 | Q7: =0.2*(C7+D7+E7+F7+G7) -> -0.024178265 | R7: =$J$12*C7+$K$12*D7+$L$12*E7+$M$12*F7+$N$12*G7 -> -0.024288499
B8: 45783 | C8: =LN(dane!B4/dane!B3) -> -0.021919203 | D8: =LN(dane!C4/dane!C3) -> -0.024927107 | E8: =LN(dane!D4/dane!D3) -> -0.026128616 | F8: =LN(dane!E4/dane!E3) -> -0.027744529 | G8: =LN(dane!F4/dane!F3) -> -0.022785517 | P8: =B8 -> 45783 | Q8: =0.2*(C8+D8+E8+F8+G8) -> -0.024700994 | R8: =$J$12*C8+$K$12*D8+$L$12*E8+$M$12*F8+$N$12*G8 -> -0.025230959
B9: 45784 | C9: =LN(dane!B5/dane!B4) -> 0.011697029 | D9: =LN(dane!C5/dane!C4) -> 0.01105644 | E9: =LN(dane!D5/dane!D4) -> 0.010385551 | F9: =LN(dane!E5/dane!E4) -> 0.0086580627 | G9: =LN(dane!F5/dane!F4) -> 0.019842865 | K9: Portfel B (losowe wagi) | P9: =B9 -> 45784 | Q9: =0.2*(C9+D9+E9+F9+G9) -> 0.01232799 | R9: =$J$12*C9+$K$12*D9+$L$12*E9+$M$12*F9+$N$12*G9 -> 0.012729987
B10: 45785 | C10: =LN(dane!B6/dane!B5) -> 0.0080785006 | D10: =LN(dane!C6/dane!C5) -> 0.016212588 | E10: =LN(dane!D6/dane!D5) -> -0.0051803063 | F10: =LN(dane!E6/dane!E5) -> 0.0068225154 | G10: =LN(dane!F6/dane!F5) -> 0.012203974 | P10: =B10 -> 45785 | Q10: =0.2*(C10+D10+E10+F10+G10) -> 0.0076274543 | R10: =$J$12*C10+$K$12*D10+$L$12*E10+$M$12*F10+$N$12*G10 -> 0.0083012766
B11: 45786 | C11: =LN(dane!B7/dane!B6) -> 0.048689066 | D11: =LN(dane!C7/dane!C6) -> 0.042364664 | E11: =LN(dane!D7/dane!D6) -> 0.014728541 | F11: =LN(dane!E7/dane!E6) -> 0.029282489 | G11: =LN(dane!F7/dane!F6) -> 0.041345283 | I11: BANK | J11: PKO BP | K11: Bank Pekao | L11: Santander BP | M11: mBank | N11: Alior Bank | P11: =B11 -> 45786 | Q11: =0.2*(C11+D11+E11+F11+G11) -> 0.035282009 | R11: =$J$12*C11+$K$12*D11+$L$12*E11+$M$12*F11+$N$12*G11 -> 0.034694808
B12: 45789 | C12: =LN(dane!B8/dane!B7) -> -0.0033276988 | D12: =LN(dane!C8/dane!C7) -> 0.0019599614 | E12: =LN(dane!D8/dane!D7) -> 0.023679086 | F12: =LN(dane!E8/dane!E7) -> 0.012395346 | G12: =LN(dane!F8/dane!F7) -> -0.0032638612 | I12: WAGA | J12: 0.1 | K12: 0.1 | L12: 0.1 | M12: 0.4 | N12: 0.3 | P12: =B12 -> 45789 | Q12: =0.2*(C12+D12+E12+F12+G12) -> 0.0062885667 | R12: =$J$12*C12+$K$12*D12+$L$12*E12+$M$12*F12+$N$12*G12 -> 0.0062101151
B13: 45790 | C13: =LN(dane!B9/dane!B8) -> 0.0023051814 | D13: =LN(dane!C9/dane!C8) -> 0.016919 | E13: =LN(dane!D9/dane!D8) -> 0.027694078 | F13: =LN(dane!E9/dane!E8) -> -0.0097088141 | G13: =LN(dane!F9/dane!F8) -> 0.0069817197 | P13: =B13 -> 45790 | Q13: =0.2*(C13+D13+E13+F13+G13) -> 0.0088382329 | R13: =$J$12*C13+$K$12*D13+$L$12*E13+$M$12*F13+$N$12*G13 -> 0.0029028162
B14: 45791 | C14: =LN(dane!B10/dane!B9) -> 0.0096706006 | D14: =LN(dane!C10/dane!C9) -> 0.0038429913 | E14: =LN(dane!D10/dane!D9) -> -0.0038008408 | F14: =LN(dane!E10/dane!E9) -> 0.0017058613 | G14: =LN(dane!F10/dane!F9) -> -0.0060476603 | P14: =B14 -> 45791 | Q14: =0.2*(C14+D14+E14+F14+G14) -> 0.0010741904 | R14: =$J$12*C14+$K$12*D14+$L$12*E14+$M$12*F14+$N$12*G14 -> -0.00016067846
B15: 45792 | C15: =LN(dane!B11/dane!B10) -> -0.017115977 | D15: =LN(dane!C11/dane!C10) -> -0.0088057806 | E15: =LN(dane!D11/dane!D10) -> 0 | F15: =LN(dane!E11/dane!E10) -> -0.011017372 | G15: =LN(dane!F11/dane!F10) -> -0.0046780147 | P15: =B15 -> 45792 | Q15: =0.2*(C15+D15+E15+F15+G15) -> -0.0083234288 | R15: =$J$12*C15+$K$12*D15+$L$12*E15+$M$12*F15+$N$12*G15 -> -0.0084025289
B16: 45793 | C16: =LN(dane!B12/dane!B11) -> -0.0059433789 | D16: =LN(dane!C12/dane!C11) -> 0.0049627893 | E16: =LN(dane!D12/dane!D11) -> 0.016991158 | F16: =LN(dane!E12/dane!E11) -> 0 | G16: =LN(dane!F12/dane!F11) -> 0.0060769572 | P16: =B16 -> 45793 | Q16: =0.2*(C16+D16+E16+F16+G16) -> 0.0044175052 | R16: =$J$12*C16+$K$12*D16+$L$12*E16+$M$12*F16+$N$12*G16 -> 0.003424144
B17: 45796 | C17: =LN(dane!B13/dane!B12) -> -0.020425364 | D17: =LN(dane!C13/dane!C12) -> -0.016919 | E17: =LN(dane!D13/dane!D12) -> -0.042445676 | F17: =LN(dane!E13/dane!E12) -> -0.0071649473 | G17: =LN(dane!F13/dane!F12) -> -0.016917878 | P17: =B17 -> 45796 | Q17: =0.2*(C17+D17+E17+F17+G17) -> -0.020774573 | R17: =$J$12*C17+$K$12*D17+$L$12*E17+$M$12*F17+$N$12*G17 -> -0.015920346
B18: 45797 | C18: =LN(dane!B14/dane!B13) -> 0.0052771766 | D18: =LN(dane!C14/dane!C13) -> 0.015267472 | E18: =LN(dane!D14/dane!D13) -> 0.007006646 | F18: =LN(dane!E14/dane!E13) -> -0.0039751605 | G18: =LN(dane!F14/dane!F13) -> 0.011310327 | P18: =B18 -> 45797 | Q18: =0.2*(C18+D18+E18+F18+G18) -> 0.0069772922 | R18: =$J$12*C18+$K$12*D18+$L$12*E18+$M$12*F18+$N$12*G18 -> 0.0045581633
B19: 45798 | C19: =LN(dane!B15/dane!B14) -> -0.010847635 | D19: =LN(dane!C15/dane!C14) -> -0.011637704 | E19: =LN(dane!D15/dane!D14) -> -0.0058354571 | F19: =LN(dane!E15/dane!E14) -> -0.0042409943 | G19: =LN(dane!F15/dane!F14) -> -0.012259002 | P19: =B19 -> 45798 | Q19: =0.2*(C19+D19+E19+F19+G19) -> -0.0089641585 | R19: =$J$12*C19+$K$12*D19+$L$12*E19+$M$12*F19+$N$12*G19 -> -0.0082061779
B20: 45799 | C20: =LN(dane!B16/dane!B15) -> -0.0037314303 | D20: =LN(dane!C16/dane!C15) -> -0.0030704839 | E20: =LN(dane!D16/dane!D15) -> -0.0039093091 | F20: =LN(dane!E16/dane!E15) -> 0.0034938893 | G20: =LN(dane!F16/dane!F15) -> -0.012410095 | P20: =B20 -> 45799 | Q20: =0.2*(C20+D20+E20+F20+G20) -> -0.0039254858 | R20: =$J$12*C20+$K$12*D20+$L$12*E20+$M$12*F20+$N$12*G20 -> -0.0033965951
B21: 45800 | C21: =LN(dane!B17/dane!B16) -> -0.010469446 | D21: =LN(dane!C17/dane!C16) -> -0.013226589 | E21: =LN(dane!D17/dane!D16) -> -0.027197706 | F21: =LN(dane!E17/dane!E16) -> -0.014049403 | G21: =LN(dane!F17/dane!F16) -> -0.0062643471 | P21: =B21 -> 45800 | Q21: =0.2*(C21+D21+E21+F21+G21) -> -0.014241498 | R21: =$J$12*C21+$K$12*D21+$L$12*E21+$M$12*F21+$N$12*G21 -> -0.01258844
B22: 45803 | C22: =LN(dane!B18/dane!B17) -> 0.022677935 | D22: =LN(dane!C18/dane!C17) -> 0.029586305 | E22: =LN(dane!D18/dane!D17) -> 0.024452068 | F22: =LN(dane!E18/dane!E17) -> 0.043022704 | G22: =LN(dane!F18/dane!F17) -> 0.030464037 | P22: =B22 -> 45803 | Q22: =0.2*(C22+D22+E22+F22+G22) -> 0.03004061 | R22: =$J$12*C22+$K$12*D22+$L$12*E22+$M$12*F22+$N$12*G22 -> 0.034019924
B23: 45804 | C23: =LN(dane!B19/dane!B18) -> 0.016481396 | D23: =LN(dane!C19/dane!C18) -> 0.01528414 | E23: =LN(dane!D19/dane!D18) -> 0.005093057 | F23: =LN(dane!E19/dane!E18) -> 0.018701096 | G23: =LN(dane!F19/dane!F18) -> 0.0060769572 | P23: =B23 -> 45804 | Q23: =0.2*(C23+D23+E23+F23+G23) -> 0.012327329 | R23: =$J$12*C23+$K$12*D23+$L$12*E23+$M$12*F23+$N$12*G23 -> 0.012989385
B24: 45805 | C24: =LN(dane!B20/dane!B19) -> 0.0092977936 | D24: =LN(dane!C20/dane!C19) -> 0.010775966 | E24: =LN(dane!D20/dane!D19) -> -0.00078186087 | F24: =LN(dane!E20/dane!E19) -> 0.016957542 | G24: =LN(dane!F20/dane!F19) -> 0.0023265485 | P24: =B24 -> 45805 | Q24: =0.2*(C24+D24+E24+F24+G24) -> 0.007715198 | R24: =$J$12*C24+$K$12*D24+$L$12*E24+$M$12*F24+$N$12*G24 -> 0.0094101715
... B240: 46122 | C240: =LN(dane!B236/dane!B235) -> 0.037364502 | D240: =LN(dane!C236/dane!C235) -> 0.031566466 | E240: =LN(dane!D236/dane!D235) -> 0.029273389 | F240: =LN(dane!E236/dane!E235) -> 0.036179657 | G240: =LN(dane!F236/dane!F235) -> 0.013181737 | P240: =B240 -> 46122 | Q240: =0.2*(C240+D240+E240+F240+G240) -> 0.02951315 | R240: =$J$12*C240+$K$12*D240+$L$12*E240+$M$12*F240+$N$12*G240 -> 0.028246819

Sheet wyniki
F3: VaR historyczny | J3: VaR parametryczny
F6: % | G6: Portfel A | H6: Portfel B | J6: % | K6: Portfel A | L6: Portfel B
F7: 0.95 | G7: =PERCENTILE(obliczenia!Q7:Q239,0.05) -> -0.024521436 | H7: =PERCENTILE(obliczenia!R7:R239,0.05) -> -0.024364854 | J7: 0.95 | K7: =_xlfn.STDEV.P(obliczenia!Q7:Q239)*(-1.645) -> -0.030057895 | L7: =_xlfn.STDEV.P(obliczenia!R7:R239)*(-1.645) -> -0.031010067
F8: 0.99 | G8: =PERCENTILE(obliczenia!Q7:Q239,0.01) -> -0.03671235 | H8: =PERCENTILE(obliczenia!R7:R239,0.01) -> -0.03922208 | J8: 0.99 | K8: =_xlfn.STDEV.P(obliczenia!Q7:Q239)*(-2.326) -> -0.042501315 | L8: =_xlfn.STDEV.P(obliczenia!R7:R239)*(-2.326) -> -0.04384767
